,created_at
created_at,3
2017-05-30 19:10:06,2
2017-05-29 17:47:07,1
2017-05-30 14:12:45,1
2017-05-29 13:06:35,1
2017-05-29 14:40:08,1
2017-05-30 16:42:25,1
2017-05-29 18:00:12,1
2017-05-30 17:07:16,1
2017-05-30 18:02:41,1
2017-05-30 18:34:12,1
2017-05-30 16:43:19,1
2017-05-29 15:26:55,1
2017-05-30 13:28:08,1
2017-05-30 18:14:59,1
2017-05-30 05:34:02,1
2017-05-29 17:58:43,1
2017-05-30 19:05:53,1
2017-05-29 14:15:28,1
2017-05-30 19:49:56,1
2017-05-30 18:55:53,1
2017-05-30 09:32:56,1
2017-05-30 18:56:23,1
2017-05-29 20:21:45,1
2017-05-30 15:53:31,1
2017-05-29 18:57:24,1
2017-05-30 09:54:48,1
2017-05-30 11:12:38,1
2017-05-30 08:48:16,1
2017-05-29 12:33:18,1
2017-05-30 21:45:24,1
2017-05-30 14:59:09,1
2017-05-30 20:05:53,1
2017-05-30 14:48:15,1
2017-05-29 12:42:27,1
2017-05-30 20:46:20,1
2017-05-29 17:33:46,1
2017-05-29 17:44:39,1
2017-05-30 06:51:59,1
2017-05-30 16:48:02,1
2017-05-29 16:25:15,1
2017-05-29 14:17:50,1
2017-05-30 11:39:57,1
2017-05-30 08:42:35,1
2017-05-30 17:27:20,1
2017-05-29 17:57:36,1
2017-05-30 16:44:32,1
2017-05-30 17:14:28,1
2017-05-30 16:51:36,1
2017-05-29 19:19:38,1
2017-05-30 14:37:49,1
2017-05-29 13:21:44,1
2017-05-30 14:32:12,1
2017-05-30 18:56:11,1
2017-05-30 12:29:42,1
2017-05-30 15:50:14,1
2017-05-30 08:28:48,1
2017-05-30 07:06:10,1
2017-05-30 17:14:13,1
2017-05-30 18:58:27,1
2017-05-29 16:14:14,1
2017-05-30 21:24:44,1
2017-05-29 19:17:19,1
2017-05-30 05:21:43,1
2017-05-29 18:13:02,1
2017-05-29 17:53:56,1
2017-05-29 19:06:47,1
2017-05-30 16:05:14,1
2017-05-29 19:02:12,1
2017-05-30 20:36:04,1
2017-05-30 11:06:15,1
2017-05-30 19:41:39,1
2017-05-30 14:16:34,1
2017-05-29 18:50:06,1
2017-05-29 19:32:57,1
2017-05-30 17:13:44,1
2017-05-30 16:30:09,1
2017-05-29 17:27:49,1
2017-05-29 18:10:25,1
2017-05-29 17:29:19,1
2017-05-30 12:59:42,1
2017-05-29 18:46:14,1
2017-05-30 17:55:45,1
2017-05-29 16:19:46,1
2017-05-30 17:54:49,1
2017-05-29 15:53:42,1
2017-05-30 16:23:43,1
2017-05-30 16:23:57,1
2017-05-30 19:41:03,1
2017-05-30 16:43:24,1
2017-05-29 14:15:49,1
2017-05-30 13:58:33,1
2017-05-30 18:32:24,1
2017-05-29 22:45:53,1
2017-05-30 16:47:39,1
2017-05-30 12:06:40,1
2017-05-29 15:10:34,1
2017-05-30 17:40:23,1
2017-05-30 08:14:36,1
2017-05-30 15:22:33,1
2017-05-30 17:53:06,1
2017-05-30 16:52:00,1
2017-05-29 16:01:09,1
2017-05-30 19:17:41,1
2017-05-30 19:07:17,1
2017-05-29 20:12:12,1
2017-05-30 17:25:20,1
2017-05-30 16:08:00,1
2017-05-30 06:34:11,1
2017-05-29 18:49:44,1
2017-05-29 18:46:21,1
2017-05-29 15:36:30,1
2017-05-30 14:47:59,1
2017-05-30 10:20:02,1
2017-05-30 18:58:46,1
2017-05-30 21:03:38,1
2017-05-29 19:07:55,1
2017-05-29 18:11:19,1
2017-05-29 19:16:32,1
2017-05-30 19:22:24,1
2017-05-29 17:54:09,1
2017-05-30 19:28:31,1
2017-05-29 18:57:09,1
2017-05-29 14:05:17,1
2017-05-30 12:48:03,1
2017-05-30 05:48:38,1
2017-05-29 21:12:43,1
2017-05-29 12:18:13,1
2017-05-29 19:40:54,1
2017-05-30 03:50:17,1
2017-05-30 12:27:17,1
2017-05-29 11:38:19,1
2017-05-30 16:47:54,1
2017-05-30 20:17:31,1
2017-05-29 13:47:17,1
2017-05-30 20:21:34,1
2017-05-29 17:21:37,1
2017-05-29 19:09:11,1
2017-05-30 12:06:44,1
2017-05-29 17:23:35,1
2017-05-29 18:05:11,1
2017-05-30 19:28:40,1
2017-05-30 20:21:44,1
2017-05-29 20:53:45,1
2017-05-30 09:37:33,1
2017-05-29 15:30:47,1
2017-05-30 10:12:56,1
2017-05-30 19:05:22,1
2017-05-30 20:10:36,1
2017-05-30 08:15:31,1
2017-05-29 19:34:38,1
2017-05-30 16:38:57,1
2017-05-30 12:50:28,1
2017-05-30 17:45:59,1
2017-05-30 04:48:01,1
2017-05-30 17:58:00,1
2017-05-30 18:51:08,1
2017-05-29 17:39:46,1
2017-05-30 09:12:22,1
2017-05-30 18:49:09,1
2017-05-30 18:29:51,1
2017-05-30 19:08:43,1
2017-05-30 19:29:00,1
2017-05-30 04:33:31,1
2017-05-29 17:24:19,1
2017-05-30 19:06:43,1
2017-05-29 18:26:43,1
2017-05-30 20:58:48,1
2017-05-30 09:42:12,1
2017-05-29 19:17:41,1
2017-05-29 18:45:21,1
2017-05-30 13:05:22,1
2017-05-30 17:53:51,1
2017-05-30 18:33:48,1
2017-05-29 14:05:57,1
2017-05-30 16:39:56,1
2017-05-29 21:28:23,1
2017-05-30 10:39:15,1
2017-05-30 20:36:25,1
2017-05-29 19:30:47,1
2017-05-30 13:54:12,1
2017-05-30 17:06:46,1
2017-05-30 21:28:14,1
2017-05-30 10:47:16,1
2017-05-29 13:28:37,1
2017-05-30 14:48:57,1
2017-05-29 19:06:32,1
2017-05-29 11:43:44,1
2017-05-29 19:32:42,1
2017-05-29 19:15:32,1
2017-05-30 16:47:10,1
2017-05-29 17:44:15,1
2017-05-30 14:58:32,1
2017-05-29 17:08:17,1
2017-05-29 13:51:34,1
2017-05-30 16:04:34,1
2017-05-30 09:19:19,1
2017-05-30 12:48:59,1
2017-05-29 15:54:21,1
2017-05-30 11:38:38,1
2017-05-29 17:02:43,1
2017-05-30 08:57:38,1
2017-05-30 11:24:12,1
2017-05-30 08:40:00,1
2017-05-29 19:12:03,1
2017-05-30 20:24:27,1
2017-05-30 13:24:31,1
2017-05-29 19:12:46,1
2017-05-29 18:27:57,1
2017-05-30 16:33:23,1
2017-05-30 12:17:14,1
2017-05-30 17:33:28,1
2017-05-29 16:14:47,1
2017-05-30 03:21:17,1
2017-05-30 17:21:50,1
2017-05-30 14:34:30,1
2017-05-30 07:13:24,1
2017-05-30 18:49:30,1
2017-05-30 01:54:20,1
2017-05-29 16:45:07,1
2017-05-30 14:17:01,1
2017-05-30 16:38:25,1
2017-05-29 16:58:23,1
2017-05-30 07:26:52,1
2017-05-29 18:48:04,1
2017-05-29 18:05:14,1
2017-05-30 20:07:39,1
2017-05-30 08:42:16,1
2017-05-30 04:26:33,1
2017-05-30 03:22:11,1
2017-05-30 12:58:17,1
2017-05-30 14:15:42,1
2017-05-30 13:29:56,1
2017-05-30 20:30:37,1
2017-05-30 19:29:19,1
2017-05-30 19:04:40,1
2017-05-29 13:44:15,1
2017-05-30 15:57:10,1
2017-05-30 08:19:51,1
2017-05-29 16:25:20,1
2017-05-30 19:55:51,1
2017-05-29 18:29:50,1
2017-05-30 17:34:52,1
2017-05-30 17:36:21,1
2017-05-30 15:30:13,1
2017-05-30 19:38:57,1
2017-05-30 16:09:41,1
2017-05-30 16:32:43,1
2017-05-30 11:40:35,1
2017-05-30 16:38:04,1
2017-05-30 11:57:10,1
2017-05-29 19:30:55,1
2017-05-29 17:24:07,1
2017-05-30 20:39:36,1
2017-05-30 14:00:27,1
2017-05-30 16:11:50,1
2017-05-30 19:00:18,1
2017-05-30 16:49:37,1
2017-05-30 19:46:01,1
2017-05-30 18:37:56,1
2017-05-29 18:46:04,1
2017-05-29 19:09:28,1
2017-05-30 17:16:13,1
2017-05-30 19:04:56,1
2017-05-30 14:43:54,1
2017-05-30 19:23:00,1
2017-05-30 09:33:30,1
2017-05-30 17:40:54,1
2017-05-29 18:37:57,1
2017-05-30 16:14:41,1
2017-05-29 12:22:02,1
2017-05-30 08:45:07,1
2017-05-29 14:24:46,1
2017-05-30 20:07:57,1
2017-05-30 08:45:28,1
2017-05-30 16:43:18,1
2017-05-30 15:57:42,1
2017-05-30 11:08:51,1
2017-05-30 23:57:50,1
2017-05-29 15:04:20,1
2017-05-30 20:30:53,1
2017-05-30 15:51:17,1
2017-05-29 13:53:01,1
2017-05-29 15:05:47,1
